date,form_type,accession_number,file_path
1994-01-27,8-K,0000021344-94-000004,data\raw\sec_filings\sec-edgar-filings\KO\8-K\0000021344-94-000004\primary-document
1994-03-14,10-K,0000950144-94-000600,data\raw\sec_filings\sec-edgar-filings\KO\10-K\0000950144-94-000600\primary-document
1994-05-06,10-Q,0000021344-94-000012,data\raw\sec_filings\sec-edgar-filings\KO\10-Q\0000021344-94-000012\primary-document
1994-08-10,10-Q,0000021344-94-000024,data\raw\sec_filings\sec-edgar-filings\KO\10-Q\0000021344-94-000024\primary-document
1994-11-14,10-Q,0000021344-94-000031,data\raw\sec_filings\sec-edgar-filings\KO\10-Q\0000021344-94-000031\primary-document
1995-05-11,10-Q,0000021344-95-000018,data\raw\sec_filings\sec-edgar-filings\KO\10-Q\0000021344-95-000018\primary-document
1995-08-11,10-Q,0000021344-95-000033,data\raw\sec_filings\sec-edgar-filings\KO\10-Q\0000021344-95-000033\primary-document
1995-11-13,10-Q,0000021344-95-000041,data\raw\sec_filings\sec-edgar-filings\KO\10-Q\0000021344-95-000041\primary-document
1996-05-10,10-Q,0000021344-96-000012,data\raw\sec_filings\sec-edgar-filings\KO\10-Q\0000021344-96-000012\primary-document
1996-08-13,10-Q,0000021344-96-000015,data\raw\sec_filings\sec-edgar-filings\KO\10-Q\0000021344-96-000015\primary-document
1996-11-14,10-Q,0000021344-96-000026,data\raw\sec_filings\sec-edgar-filings\KO\10-Q\0000021344-96-000026\primary-document
1997-05-13,10-Q,0000021344-97-000019,data\raw\sec_filings\sec-edgar-filings\KO\10-Q\0000021344-97-000019\primary-document
1997-08-14,10-Q,0000021344-97-000027,data\raw\sec_filings\sec-edgar-filings\KO\10-Q\0000021344-97-000027\primary-document
1997-10-24,8-K,0000021344-97-000029,data\raw\sec_filings\sec-edgar-filings\KO\8-K\0000021344-97-000029\primary-document
1997-11-13,10-Q,0000021344-97-000034,data\raw\sec_filings\sec-edgar-filings\KO\10-Q\0000021344-97-000034\primary-document
1998-03-09,10-K,0000021344-98-000004,data\raw\sec_filings\sec-edgar-filings\KO\10-K\0000021344-98-000004\primary-document
1998-05-12,10-Q,0000021344-98-000007,data\raw\sec_filings\sec-edgar-filings\KO\10-Q\0000021344-98-000007\primary-document
1998-08-14,10-Q,0000021344-98-000010,data\raw\sec_filings\sec-edgar-filings\KO\10-Q\0000021344-98-000010\primary-document
1998-11-12,10-Q,0000021344-98-000016,data\raw\sec_filings\sec-edgar-filings\KO\10-Q\0000021344-98-000016\primary-document
1998-12-15,8-K,0000021344-98-000020,data\raw\sec_filings\sec-edgar-filings\KO\8-K\0000021344-98-000020\primary-document
1999-03-29,10-K,0000021344-99-000005,data\raw\sec_filings\sec-edgar-filings\KO\10-K\0000021344-99-000005\primary-document
1999-05-12,10-Q,0000021344-99-000009,data\raw\sec_filings\sec-edgar-filings\KO\10-Q\0000021344-99-000009\primary-document
1999-08-12,10-Q,0000021344-99-000015,data\raw\sec_filings\sec-edgar-filings\KO\10-Q\0000021344-99-000015\primary-document
1999-11-03,10-Q,0000021344-99-000026,data\raw\sec_filings\sec-edgar-filings\KO\10-Q\0000021344-99-000026\primary-document
1999-12-06,8-K,0000021344-99-000034,data\raw\sec_filings\sec-edgar-filings\KO\8-K\0000021344-99-000034\primary-document
1999-12-21,8-K,0000021344-99-000038,data\raw\sec_filings\sec-edgar-filings\KO\8-K\0000021344-99-000038\primary-document
2000-01-26,8-K,0000021344-00-000003,data\raw\sec_filings\sec-edgar-filings\KO\8-K\0000021344-00-000003\primary-document
2000-02-18,8-K,0000021344-00-000005,data\raw\sec_filings\sec-edgar-filings\KO\8-K\0000021344-00-000005\primary-document
2000-03-09,10-K,0000021344-00-000009,data\raw\sec_filings\sec-edgar-filings\KO\10-K\0000021344-00-000009\primary-document
2000-05-11,10-Q,0000021344-00-000014,data\raw\sec_filings\sec-edgar-filings\KO\10-Q\0000021344-00-000014\primary-document
2000-07-27,10-Q,0000021344-00-000024,data\raw\sec_filings\sec-edgar-filings\KO\10-Q\0000021344-00-000024\full-submission.txt
2000-10-27,10-Q,0000021344-00-000027,data\raw\sec_filings\sec-edgar-filings\KO\10-Q\0000021344-00-000027\full-submission.txt
2001-02-21,8-K,0000021344-01-000003,data\raw\sec_filings\sec-edgar-filings\KO\8-K\0000021344-01-000003\full-submission.txt
2001-03-07,10-K,0000021344-01-000005,data\raw\sec_filings\sec-edgar-filings\KO\10-K\0000021344-01-000005\full-submission.txt
2001-05-01,10-Q,0000021344-01-500011,data\raw\sec_filings\sec-edgar-filings\KO\10-Q\0000021344-01-500011\primary-document.txt
2001-08-14,10-Q,0000021344-01-500025,data\raw\sec_filings\sec-edgar-filings\KO\10-Q\0000021344-01-500025\primary-document.txt
2001-11-13,10-Q,0000021344-01-500040,data\raw\sec_filings\sec-edgar-filings\KO\10-Q\0000021344-01-500040\primary-document.txt
2002-03-07,8-K,0000950144-02-002079,data\raw\sec_filings\sec-edgar-filings\KO\8-K\0000950144-02-002079\primary-document.txt
2002-03-11,10-K,0000021344-02-000011,data\raw\sec_filings\sec-edgar-filings\KO\10-K\0000021344-02-000011\primary-document.txt
2002-05-10,10-Q,0000021344-02-000017,data\raw\sec_filings\sec-edgar-filings\KO\10-Q\0000021344-02-000017\primary-document.txt
2002-05-16,8-K,0000950144-02-005740,data\raw\sec_filings\sec-edgar-filings\KO\8-K\0000950144-02-005740\primary-document.txt
2002-08-13,10-Q,0000021344-02-000027,data\raw\sec_filings\sec-edgar-filings\KO\10-Q\0000021344-02-000027\primary-document.txt
2002-08-14,8-K,0000021344-02-000028,data\raw\sec_filings\sec-edgar-filings\KO\8-K\0000021344-02-000028\primary-document.txt
2002-11-13,10-Q,0000021344-02-000059,data\raw\sec_filings\sec-edgar-filings\KO\10-Q\0000021344-02-000059\primary-document.txt
2002-11-13,8-K,0000021344-02-000060,data\raw\sec_filings\sec-edgar-filings\KO\8-K\0000021344-02-000060\primary-document.txt
2002-12-12,8-K,0000021344-02-000063,data\raw\sec_filings\sec-edgar-filings\KO\8-K\0000021344-02-000063\primary-document.txt
2003-02-13,8-K,0000021344-03-000006,data\raw\sec_filings\sec-edgar-filings\KO\8-K\0000021344-03-000006\primary-document.txt
2003-03-26,8-K,0000021344-03-000035,data\raw\sec_filings\sec-edgar-filings\KO\8-K\0000021344-03-000035\primary-document.txt
2003-03-26,10-K,0000021344-03-000031,data\raw\sec_filings\sec-edgar-filings\KO\10-K\0000021344-03-000031\primary-document.txt
2003-04-16,8-K,0000021344-03-000049,data\raw\sec_filings\sec-edgar-filings\KO\8-K\0000021344-03-000049\primary-document.txt
2003-04-25,10-Q,0000021344-03-000055,data\raw\sec_filings\sec-edgar-filings\KO\10-Q\0000021344-03-000055\primary-document.txt
2003-07-11,8-K,0000021344-03-000094,data\raw\sec_filings\sec-edgar-filings\KO\8-K\0000021344-03-000094\primary-document.txt
2003-07-17,8-K,0000021344-03-000096,data\raw\sec_filings\sec-edgar-filings\KO\8-K\0000021344-03-000096\primary-document.txt
2003-08-13,10-Q,0000021344-03-000111,data\raw\sec_filings\sec-edgar-filings\KO\10-Q\0000021344-03-000111\primary-document.txt
2003-10-16,8-K,0000021344-03-000149,data\raw\sec_filings\sec-edgar-filings\KO\8-K\0000021344-03-000149\primary-document.txt
2003-10-16,8-K,0000021344-03-000151,data\raw\sec_filings\sec-edgar-filings\KO\8-K\0000021344-03-000151\primary-document.txt
2003-10-27,10-Q,0000021344-03-000157,data\raw\sec_filings\sec-edgar-filings\KO\10-Q\0000021344-03-000157\primary-document.txt
2004-01-15,8-K,0000021344-04-000006,data\raw\sec_filings\sec-edgar-filings\KO\8-K\0000021344-04-000006\primary-document.txt
2004-02-11,8-K,0001047469-04-003942,data\raw\sec_filings\sec-edgar-filings\KO\8-K\0001047469-04-003942\primary-document.html
2004-02-20,8-K,0000021344-04-000012,data\raw\sec_filings\sec-edgar-filings\KO\8-K\0000021344-04-000012\primary-document.txt
2004-02-27,10-K,0001047469-04-005840,data\raw\sec_filings\sec-edgar-filings\KO\10-K\0001047469-04-005840\primary-document.html
2004-04-21,8-K,0000021344-04-000056,data\raw\sec_filings\sec-edgar-filings\KO\8-K\0000021344-04-000056\primary-document.txt
2004-04-29,10-Q,0001047469-04-014222,data\raw\sec_filings\sec-edgar-filings\KO\10-Q\0001047469-04-014222\primary-document.html
2004-05-05,8-K,0000021344-04-000064,data\raw\sec_filings\sec-edgar-filings\KO\8-K\0000021344-04-000064\primary-document.txt
2004-05-28,8-K,0000021344-04-000069,data\raw\sec_filings\sec-edgar-filings\KO\8-K\0000021344-04-000069\primary-document.txt
2004-06-09,8-K,0000021344-04-000073,data\raw\sec_filings\sec-edgar-filings\KO\8-K\0000021344-04-000073\primary-document.txt
2004-06-15,8-K,0000021344-04-000075,data\raw\sec_filings\sec-edgar-filings\KO\8-K\0000021344-04-000075\primary-document.txt
2004-06-23,8-K,0000021344-04-000077,data\raw\sec_filings\sec-edgar-filings\KO\8-K\0000021344-04-000077\primary-document.txt
2004-07-13,8-K,0000021344-04-000113,data\raw\sec_filings\sec-edgar-filings\KO\8-K\0000021344-04-000113\primary-document.txt
2004-07-22,8-K,0001047469-04-023950,data\raw\sec_filings\sec-edgar-filings\KO\8-K\0001047469-04-023950\primary-document.html
2004-08-05,10-Q,0001047469-04-025463,data\raw\sec_filings\sec-edgar-filings\KO\10-Q\0001047469-04-025463\primary-document.html
2004-09-01,8-K,0000021344-04-000132,data\raw\sec_filings\sec-edgar-filings\KO\8-K\0000021344-04-000132\primary-document.txt
2004-09-03,8-K,0000021344-04-000134,data\raw\sec_filings\sec-edgar-filings\KO\8-K\0000021344-04-000134\primary-document.txt
2004-09-15,8-K,0000021344-04-000138,data\raw\sec_filings\sec-edgar-filings\KO\8-K\0000021344-04-000138\primary-document.txt
2004-09-17,8-K,0000021344-04-000142,data\raw\sec_filings\sec-edgar-filings\KO\8-K\0000021344-04-000142\primary-document.txt
2004-10-19,8-K,0000021344-04-000178,data\raw\sec_filings\sec-edgar-filings\KO\8-K\0000021344-04-000178\primary-document.txt
2004-10-21,8-K,0001047469-04-031788,data\raw\sec_filings\sec-edgar-filings\KO\8-K\0001047469-04-031788\primary-document.html
2004-10-28,10-Q,0001047469-04-032333,data\raw\sec_filings\sec-edgar-filings\KO\10-Q\0001047469-04-032333\primary-document.html
2004-11-12,8-K,0000021344-04-000183,data\raw\sec_filings\sec-edgar-filings\KO\8-K\0000021344-04-000183\primary-document.txt
2004-12-08,8-K,0000021344-04-000191,data\raw\sec_filings\sec-edgar-filings\KO\8-K\0000021344-04-000191\primary-document.txt
2005-01-06,8-K,0000021344-05-000002,data\raw\sec_filings\sec-edgar-filings\KO\8-K\0000021344-05-000002\primary-document.txt
2005-02-16,8-K,0001047469-05-004004,data\raw\sec_filings\sec-edgar-filings\KO\8-K\0001047469-05-004004\primary-document.html
2005-02-23,8-K,0000021344-05-000012,data\raw\sec_filings\sec-edgar-filings\KO\8-K\0000021344-05-000012\primary-document.txt
2005-03-04,10-K,0001047469-05-005411,data\raw\sec_filings\sec-edgar-filings\KO\10-K\0001047469-05-005411\primary-document.html
2005-04-01,8-K,0000021344-05-000018,data\raw\sec_filings\sec-edgar-filings\KO\8-K\0000021344-05-000018\primary-document.txt
2005-04-07,8-K,0000021344-05-000046,data\raw\sec_filings\sec-edgar-filings\KO\8-K\0000021344-05-000046\primary-document.txt
2005-04-18,8-K,0000021344-05-000048,data\raw\sec_filings\sec-edgar-filings\KO\8-K\0000021344-05-000048\primary-document.txt
2005-04-19,8-K,0001047469-05-010625,data\raw\sec_filings\sec-edgar-filings\KO\8-K\0001047469-05-010625\primary-document.html
2005-04-25,8-K,0000021344-05-000050,data\raw\sec_filings\sec-edgar-filings\KO\8-K\0000021344-05-000050\primary-document.txt
2005-04-28,10-Q,0001047469-05-011762,data\raw\sec_filings\sec-edgar-filings\KO\10-Q\0001047469-05-011762\primary-document.html
2005-06-22,8-K,0001104659-05-029150,data\raw\sec_filings\sec-edgar-filings\KO\8-K\0001104659-05-029150\primary-document.html
2005-07-12,8-K,0001104659-05-032120,data\raw\sec_filings\sec-edgar-filings\KO\8-K\0001104659-05-032120\primary-document.html
2005-07-21,8-K,0001104659-05-033242,data\raw\sec_filings\sec-edgar-filings\KO\8-K\0001104659-05-033242\primary-document.html
2005-08-01,10-Q,0001104659-05-035430,data\raw\sec_filings\sec-edgar-filings\KO\10-Q\0001104659-05-035430\primary-document.html
2005-10-20,8-K,0001104659-05-049249,data\raw\sec_filings\sec-edgar-filings\KO\8-K\0001104659-05-049249\primary-document.html
2005-10-26,8-K,0000021344-05-000158,data\raw\sec_filings\sec-edgar-filings\KO\8-K\0000021344-05-000158\primary-document.html
2005-10-27,10-Q,0001104659-05-050698,data\raw\sec_filings\sec-edgar-filings\KO\10-Q\0001104659-05-050698\primary-document.html
2005-11-30,8-K,0000021344-05-000163,data\raw\sec_filings\sec-edgar-filings\KO\8-K\0000021344-05-000163\primary-document.html
2005-12-14,8-K,0000021344-05-000166,data\raw\sec_filings\sec-edgar-filings\KO\8-K\0000021344-05-000166\primary-document.html
2006-02-07,8-K,0001104659-06-006325,data\raw\sec_filings\sec-edgar-filings\KO\8-K\0001104659-06-006325\primary-document.html
2006-02-16,8-K,0000021344-06-000008,data\raw\sec_filings\sec-edgar-filings\KO\8-K\0000021344-06-000008\primary-document.html
2006-02-17,8-K,0000021344-06-000017,data\raw\sec_filings\sec-edgar-filings\KO\8-K\0000021344-06-000017\primary-document.html
2006-02-28,10-K,0001047469-06-002588,data\raw\sec_filings\sec-edgar-filings\KO\10-K\0001047469-06-002588\primary-document.html
2006-04-05,8-K,0000021344-06-000022,data\raw\sec_filings\sec-edgar-filings\KO\8-K\0000021344-06-000022\primary-document.html
2006-04-10,8-K,0001104659-06-023851,data\raw\sec_filings\sec-edgar-filings\KO\8-K\0001104659-06-023851\primary-document.html
2006-04-19,8-K,0001104659-06-025795,data\raw\sec_filings\sec-edgar-filings\KO\8-K\0001104659-06-025795\primary-document.html
2006-04-27,10-Q,0001104659-06-028278,data\raw\sec_filings\sec-edgar-filings\KO\10-Q\0001104659-06-028278\primary-document.html
2006-07-18,8-K,0001104659-06-047391,data\raw\sec_filings\sec-edgar-filings\KO\8-K\0001104659-06-047391\primary-document.html
2006-07-27,10-Q,0001104659-06-049246,data\raw\sec_filings\sec-edgar-filings\KO\10-Q\0001104659-06-049246\primary-document.html
2006-09-12,8-K,0000021344-06-000086,data\raw\sec_filings\sec-edgar-filings\KO\8-K\0000021344-06-000086\primary-document.html
2006-10-19,8-K,0001104659-06-067365,data\raw\sec_filings\sec-edgar-filings\KO\8-K\0001104659-06-067365\primary-document.html
2006-10-20,8-K,0000021344-06-000108,data\raw\sec_filings\sec-edgar-filings\KO\8-K\0000021344-06-000108\primary-document.html
2006-10-26,10-Q,0001047469-06-013139,data\raw\sec_filings\sec-edgar-filings\KO\10-Q\0001047469-06-013139\primary-document.html
2006-12-08,8-K,0000021344-06-000111,data\raw\sec_filings\sec-edgar-filings\KO\8-K\0000021344-06-000111\primary-document.html
2006-12-29,8-K,0001104659-06-084342,data\raw\sec_filings\sec-edgar-filings\KO\8-K\0001104659-06-084342\primary-document.html
2007-01-19,8-K,0000021344-07-000004,data\raw\sec_filings\sec-edgar-filings\KO\8-K\0000021344-07-000004\primary-document.html
2007-02-14,8-K,0001104659-07-010602,data\raw\sec_filings\sec-edgar-filings\KO\8-K\0001104659-07-010602\primary-document.html
2007-02-14,8-K,0000021344-07-000010,data\raw\sec_filings\sec-edgar-filings\KO\8-K\0000021344-07-000010\primary-document.html
2007-02-21,10-K,0001047469-07-001328,data\raw\sec_filings\sec-edgar-filings\KO\10-K\0001047469-07-001328\primary-document.html
2007-03-02,8-K,0000021344-07-000044,data\raw\sec_filings\sec-edgar-filings\KO\8-K\0000021344-07-000044\primary-document.html
2007-03-06,8-K,0000021344-07-000050,data\raw\sec_filings\sec-edgar-filings\KO\8-K\0000021344-07-000050\primary-document.html
2007-04-02,8-K,0000021344-07-000056,data\raw\sec_filings\sec-edgar-filings\KO\8-K\0000021344-07-000056\primary-document.html
2007-04-17,8-K,0001104659-07-028697,data\raw\sec_filings\sec-edgar-filings\KO\8-K\0001104659-07-028697\primary-document.html
2007-04-24,8-K,0000021344-07-000078,data\raw\sec_filings\sec-edgar-filings\KO\8-K\0000021344-07-000078\primary-document.html
2007-04-26,10-Q,0001047469-07-003223,data\raw\sec_filings\sec-edgar-filings\KO\10-Q\0001047469-07-003223\primary-document.html
2007-05-31,8-K,0001104659-07-044380,data\raw\sec_filings\sec-edgar-filings\KO\8-K\0001104659-07-044380\primary-document.html
2007-06-13,8-K,0000021344-07-000083,data\raw\sec_filings\sec-edgar-filings\KO\8-K\0000021344-07-000083\primary-document.html
2007-07-17,8-K,0001104659-07-054278,data\raw\sec_filings\sec-edgar-filings\KO\8-K\0001104659-07-054278\primary-document.html
2007-07-26,10-Q,0001047469-07-005866,data\raw\sec_filings\sec-edgar-filings\KO\10-Q\0001047469-07-005866\primary-document.html
2007-10-17,8-K,0001047469-07-007701,data\raw\sec_filings\sec-edgar-filings\KO\8-K\0001047469-07-007701\primary-document.html
2007-10-24,8-K,0000021344-07-000146,data\raw\sec_filings\sec-edgar-filings\KO\8-K\0000021344-07-000146\primary-document.html
2007-10-24,10-Q,0001047469-07-007893,data\raw\sec_filings\sec-edgar-filings\KO\10-Q\0001047469-07-007893\primary-document.html
2007-10-26,8-K,0001047469-07-008018,data\raw\sec_filings\sec-edgar-filings\KO\8-K\0001047469-07-008018\primary-document.html
2007-10-29,8-K,0001047469-07-008056,data\raw\sec_filings\sec-edgar-filings\KO\8-K\0001047469-07-008056\primary-document.html
2007-10-31,8-K,0001047469-07-008187,data\raw\sec_filings\sec-edgar-filings\KO\8-K\0001047469-07-008187\primary-document.html
2007-11-15,8-K,0000021344-07-000152,data\raw\sec_filings\sec-edgar-filings\KO\8-K\0000021344-07-000152\primary-document.html
2007-12-11,8-K,0000021344-07-000154,data\raw\sec_filings\sec-edgar-filings\KO\8-K\0000021344-07-000154\primary-document.html
2007-12-19,8-K,0000021344-07-000156,data\raw\sec_filings\sec-edgar-filings\KO\8-K\0000021344-07-000156\primary-document.html
2008-02-13,8-K,0001193125-08-028404,data\raw\sec_filings\sec-edgar-filings\KO\8-K\0001193125-08-028404\primary-document.html
2008-02-21,8-K,0001193125-08-035207,data\raw\sec_filings\sec-edgar-filings\KO\8-K\0001193125-08-035207\primary-document.html
2008-02-28,10-K,0001193125-08-041768,data\raw\sec_filings\sec-edgar-filings\KO\10-K\0001193125-08-041768\primary-document.html
2008-04-16,8-K,0001104659-08-024631,data\raw\sec_filings\sec-edgar-filings\KO\8-K\0001104659-08-024631\primary-document.html
2008-04-22,8-K,0000021344-08-000068,data\raw\sec_filings\sec-edgar-filings\KO\8-K\0000021344-08-000068\primary-document.html
2008-04-22,8-K,0000021344-08-000071,data\raw\sec_filings\sec-edgar-filings\KO\8-K\0000021344-08-000071\primary-document.html
2008-04-25,10-Q,0001047469-08-005195,data\raw\sec_filings\sec-edgar-filings\KO\10-Q\0001047469-08-005195\primary-document.html
2008-07-02,8-K,0000021344-08-000085,data\raw\sec_filings\sec-edgar-filings\KO\8-K\0000021344-08-000085\primary-document.html
2008-07-16,8-K,0000021344-08-000109,data\raw\sec_filings\sec-edgar-filings\KO\8-K\0000021344-08-000109\primary-document.html
2008-07-17,8-K,0001104659-08-046008,data\raw\sec_filings\sec-edgar-filings\KO\8-K\0001104659-08-046008\primary-document.html
2008-07-21,8-K,0000021344-08-000113,data\raw\sec_filings\sec-edgar-filings\KO\8-K\0000021344-08-000113\primary-document.html
2008-07-24,10-Q,0001047469-08-008358,data\raw\sec_filings\sec-edgar-filings\KO\10-Q\0001047469-08-008358\primary-document.html
2008-09-03,8-K,0001104659-08-056537,data\raw\sec_filings\sec-edgar-filings\KO\8-K\0001104659-08-056537\primary-document.html
2008-09-05,8-K,0001104659-08-057298,data\raw\sec_filings\sec-edgar-filings\KO\8-K\0001104659-08-057298\primary-document.html
2008-09-08,8-K,0001104659-08-057483,data\raw\sec_filings\sec-edgar-filings\KO\8-K\0001104659-08-057483\primary-document.html
2008-10-15,8-K,0001104659-08-064152,data\raw\sec_filings\sec-edgar-filings\KO\8-K\0001104659-08-064152\primary-document.html
2008-10-21,8-K,0000021344-08-000140,data\raw\sec_filings\sec-edgar-filings\KO\8-K\0000021344-08-000140\primary-document.html
2008-10-23,10-Q,0001047469-08-011110,data\raw\sec_filings\sec-edgar-filings\KO\10-Q\0001047469-08-011110\primary-document.html
2008-12-16,8-K,0000021344-08-000144,data\raw\sec_filings\sec-edgar-filings\KO\8-K\0000021344-08-000144\primary-document.html
2009-02-12,8-K,0001104659-09-008570,data\raw\sec_filings\sec-edgar-filings\KO\8-K\0001104659-09-008570\primary-document.html
2009-02-18,8-K,0000021344-09-000007,data\raw\sec_filings\sec-edgar-filings\KO\8-K\0000021344-09-000007\primary-document.html
2009-02-23,8-K,0000021344-09-000030,data\raw\sec_filings\sec-edgar-filings\KO\8-K\0000021344-09-000030\primary-document.html
2009-02-26,10-K,0001047469-09-001875,data\raw\sec_filings\sec-edgar-filings\KO\10-K\0001047469-09-001875\primary-document.html
2009-03-05,8-K,0001104659-09-014667,data\raw\sec_filings\sec-edgar-filings\KO\8-K\0001104659-09-014667\primary-document.html
2009-04-21,8-K,0001104659-09-025109,data\raw\sec_filings\sec-edgar-filings\KO\8-K\0001104659-09-025109\primary-document.html
2009-04-30,10-Q,0001047469-09-004778,data\raw\sec_filings\sec-edgar-filings\KO\10-Q\0001047469-09-004778\primary-document.html
2009-06-10,8-K,0000021344-09-000099,data\raw\sec_filings\sec-edgar-filings\KO\8-K\0000021344-09-000099\primary-document.html
2009-07-21,8-K,0001104659-09-043953,data\raw\sec_filings\sec-edgar-filings\KO\8-K\0001104659-09-043953\primary-document.html
2009-07-28,8-K,0000021344-09-000101,data\raw\sec_filings\sec-edgar-filings\KO\8-K\0000021344-09-000101\primary-document.html
2009-07-30,10-Q,0001047469-09-007013,data\raw\sec_filings\sec-edgar-filings\KO\10-Q\0001047469-09-007013\primary-document.html
2009-10-20,8-K,0001104659-09-059483,data\raw\sec_filings\sec-edgar-filings\KO\8-K\0001104659-09-059483\primary-document.html
2009-10-29,10-Q,0001047469-09-009286,data\raw\sec_filings\sec-edgar-filings\KO\10-Q\0001047469-09-009286\primary-document.html
2010-02-09,8-K,0001104659-10-005529,data\raw\sec_filings\sec-edgar-filings\KO\8-K\0001104659-10-005529\primary-document.html
2010-02-18,8-K,0001104659-10-007759,data\raw\sec_filings\sec-edgar-filings\KO\8-K\0001104659-10-007759\primary-document.html
2010-02-26,10-K,0001047469-10-001476,data\raw\sec_filings\sec-edgar-filings\KO\10-K\0001047469-10-001476\primary-document.html
2010-03-03,8-K,0001047469-10-001749,data\raw\sec_filings\sec-edgar-filings\KO\8-K\0001047469-10-001749\primary-document.html
2010-03-22,8-K,0001104659-10-015648,data\raw\sec_filings\sec-edgar-filings\KO\8-K\0001104659-10-015648\primary-document.html
2010-04-20,8-K,0001104659-10-020556,data\raw\sec_filings\sec-edgar-filings\KO\8-K\0001104659-10-020556\primary-document.html
2010-04-23,8-K,0001104659-10-021543,data\raw\sec_filings\sec-edgar-filings\KO\8-K\0001104659-10-021543\primary-document.html
2010-04-26,8-K,0000021344-10-000002,data\raw\sec_filings\sec-edgar-filings\KO\8-K\0000021344-10-000002\primary-document.html
2010-04-29,10-Q,0001047469-10-004416,data\raw\sec_filings\sec-edgar-filings\KO\10-Q\0001047469-10-004416\primary-document.html
2010-06-07,8-K,0001341004-10-000992,data\raw\sec_filings\sec-edgar-filings\KO\8-K\0001341004-10-000992\primary-document.html
2010-07-21,8-K,0001104659-10-038783,data\raw\sec_filings\sec-edgar-filings\KO\8-K\0001104659-10-038783\primary-document.html
2010-07-30,8-K,0001341004-10-001299,data\raw\sec_filings\sec-edgar-filings\KO\8-K\0001341004-10-001299\primary-document.html
2010-08-02,10-Q,0001047469-10-006835,data\raw\sec_filings\sec-edgar-filings\KO\10-Q\0001047469-10-006835\primary-document.html
2010-08-24,8-K,0001341004-10-001457,data\raw\sec_filings\sec-edgar-filings\KO\8-K\0001341004-10-001457\primary-document.html
2010-08-27,8-K,0001341004-10-001481,data\raw\sec_filings\sec-edgar-filings\KO\8-K\0001341004-10-001481\primary-document.html
2010-09-07,8-K,0001341004-10-001532,data\raw\sec_filings\sec-edgar-filings\KO\8-K\0001341004-10-001532\primary-document.html
2010-09-27,8-K,0001341004-10-001640,data\raw\sec_filings\sec-edgar-filings\KO\8-K\0001341004-10-001640\primary-document.html
2010-10-05,8-K,0001341004-10-001678,data\raw\sec_filings\sec-edgar-filings\KO\8-K\0001341004-10-001678\primary-document.html
2010-10-19,8-K,0001104659-10-052708,data\raw\sec_filings\sec-edgar-filings\KO\8-K\0001104659-10-052708\primary-document.html
2010-10-29,10-Q,0001047469-10-008993,data\raw\sec_filings\sec-edgar-filings\KO\10-Q\0001047469-10-008993\primary-document.html
2010-11-04,8-K,0001104659-10-055938,data\raw\sec_filings\sec-edgar-filings\KO\8-K\0001104659-10-055938\primary-document.html
2010-11-08,8-K,0001104659-10-056919,data\raw\sec_filings\sec-edgar-filings\KO\8-K\0001104659-10-056919\primary-document.html
2010-11-16,8-K,0000021344-10-000007,data\raw\sec_filings\sec-edgar-filings\KO\8-K\0000021344-10-000007\primary-document.html
2010-11-18,8-K,0001104659-10-059174,data\raw\sec_filings\sec-edgar-filings\KO\8-K\0001104659-10-059174\primary-document.html
2010-11-23,8-K,0001104659-10-059789,data\raw\sec_filings\sec-edgar-filings\KO\8-K\0001104659-10-059789\primary-document.html
2010-12-01,8-K,0000021344-10-000010,data\raw\sec_filings\sec-edgar-filings\KO\8-K\0000021344-10-000010\primary-document.html
2010-12-09,8-K,0000021344-10-000013,data\raw\sec_filings\sec-edgar-filings\KO\8-K\0000021344-10-000013\primary-document.html
2010-12-15,8-K,0001104659-10-062845,data\raw\sec_filings\sec-edgar-filings\KO\8-K\0001104659-10-062845\primary-document.html
2011-02-09,8-K,0001104659-11-005743,data\raw\sec_filings\sec-edgar-filings\KO\8-K\0001104659-11-005743\primary-document.html
2011-02-17,8-K,0001104659-11-007928,data\raw\sec_filings\sec-edgar-filings\KO\8-K\0001104659-11-007928\primary-document.html
2011-02-17,8-K,0001104659-11-008035,data\raw\sec_filings\sec-edgar-filings\KO\8-K\0001104659-11-008035\primary-document.html
2011-02-28,10-K,0001047469-11-001506,data\raw\sec_filings\sec-edgar-filings\KO\10-K\0001047469-11-001506\primary-document.html
2011-04-26,8-K,0001104659-11-022266,data\raw\sec_filings\sec-edgar-filings\KO\8-K\0001104659-11-022266\primary-document.html
2011-04-29,8-K,0000021344-11-000003,data\raw\sec_filings\sec-edgar-filings\KO\8-K\0000021344-11-000003\primary-document.html
2011-05-02,10-Q,0001047469-11-004348,data\raw\sec_filings\sec-edgar-filings\KO\10-Q\0001047469-11-004348\primary-document.html
2011-07-19,8-K,0001104659-11-039543,data\raw\sec_filings\sec-edgar-filings\KO\8-K\0001104659-11-039543\primary-document.html
2011-08-01,10-Q,0001047469-11-006790,data\raw\sec_filings\sec-edgar-filings\KO\10-Q\0001047469-11-006790\primary-document.html
2011-08-08,8-K,0001104659-11-044947,data\raw\sec_filings\sec-edgar-filings\KO\8-K\0001104659-11-044947\primary-document.html
2011-08-19,8-K,0001341004-11-001645,data\raw\sec_filings\sec-edgar-filings\KO\8-K\0001341004-11-001645\primary-document.html
2011-09-01,8-K,0001341004-11-001698,data\raw\sec_filings\sec-edgar-filings\KO\8-K\0001341004-11-001698\primary-document.html
2011-10-18,8-K,0001104659-11-056480,data\raw\sec_filings\sec-edgar-filings\KO\8-K\0001104659-11-056480\primary-document.html
2011-10-27,10-Q,0000021344-11-000011,data\raw\sec_filings\sec-edgar-filings\KO\10-Q\0000021344-11-000011\primary-document.html
2011-12-19,8-K,0000021344-11-000015,data\raw\sec_filings\sec-edgar-filings\KO\8-K\0000021344-11-000015\primary-document.html
2012-02-07,8-K,0001104659-12-007148,data\raw\sec_filings\sec-edgar-filings\KO\8-K\0001104659-12-007148\primary-document.html
2012-02-15,8-K,0001104659-12-010168,data\raw\sec_filings\sec-edgar-filings\KO\8-K\0001104659-12-010168\primary-document.html
2012-02-21,8-K,0000021344-12-000002,data\raw\sec_filings\sec-edgar-filings\KO\8-K\0000021344-12-000002\primary-document.html
2012-02-23,10-K,0000021344-12-000007,data\raw\sec_filings\sec-edgar-filings\KO\10-K\0000021344-12-000007\primary-document.html
2012-03-14,8-K,0001104659-12-018282,data\raw\sec_filings\sec-edgar-filings\KO\8-K\0001104659-12-018282\primary-document.html
2012-04-17,8-K,0000021344-12-000017,data\raw\sec_filings\sec-edgar-filings\KO\8-K\0000021344-12-000017\primary-document.html
2012-04-26,10-Q,0000021344-12-000023,data\raw\sec_filings\sec-edgar-filings\KO\10-Q\0000021344-12-000023\primary-document.html
2012-04-27,8-K,0000021344-12-000026,data\raw\sec_filings\sec-edgar-filings\KO\8-K\0000021344-12-000026\primary-document.html
2012-07-10,8-K,0001104659-12-048265,data\raw\sec_filings\sec-edgar-filings\KO\8-K\0001104659-12-048265\primary-document.html
2012-07-17,8-K,0000021344-12-000034,data\raw\sec_filings\sec-edgar-filings\KO\8-K\0000021344-12-000034\primary-document.html
2012-07-26,10-Q,0000021344-12-000037,data\raw\sec_filings\sec-edgar-filings\KO\10-Q\0000021344-12-000037\primary-document.html
2012-07-27,8-K,0001104659-12-051772,data\raw\sec_filings\sec-edgar-filings\KO\8-K\0001104659-12-051772\primary-document.html
2012-07-31,8-K,0001104659-12-052732,data\raw\sec_filings\sec-edgar-filings\KO\8-K\0001104659-12-052732\primary-document.html
2012-08-23,8-K,0000021344-12-000040,data\raw\sec_filings\sec-edgar-filings\KO\8-K\0000021344-12-000040\primary-document.html
2012-09-14,8-K,0001104659-12-063422,data\raw\sec_filings\sec-edgar-filings\KO\8-K\0001104659-12-063422\primary-document.html
2012-10-16,8-K,0000021344-12-000048,data\raw\sec_filings\sec-edgar-filings\KO\8-K\0000021344-12-000048\primary-document.html
2012-10-25,10-Q,0000021344-12-000051,data\raw\sec_filings\sec-edgar-filings\KO\10-Q\0000021344-12-000051\primary-document.html
2013-02-12,8-K,0000021344-13-000003,data\raw\sec_filings\sec-edgar-filings\KO\8-K\0000021344-13-000003\primary-document.html
2013-02-20,8-K,0001104659-13-012236,data\raw\sec_filings\sec-edgar-filings\KO\8-K\0001104659-13-012236\primary-document.html
2013-02-21,8-K,0001104659-13-012805,data\raw\sec_filings\sec-edgar-filings\KO\8-K\0001104659-13-012805\primary-document.html
2013-02-27,10-K,0000021344-13-000007,data\raw\sec_filings\sec-edgar-filings\KO\10-K\0000021344-13-000007\primary-document.html
2013-03-05,8-K,0001104659-13-017549,data\raw\sec_filings\sec-edgar-filings\KO\8-K\0001104659-13-017549\primary-document.html
2013-03-21,8-K,0000021344-13-000009,data\raw\sec_filings\sec-edgar-filings\KO\8-K\0000021344-13-000009\primary-document.html
2013-04-16,8-K,0000021344-13-000012,data\raw\sec_filings\sec-edgar-filings\KO\8-K\0000021344-13-000012\primary-document.html
2013-04-25,10-Q,0000021344-13-000017,data\raw\sec_filings\sec-edgar-filings\KO\10-Q\0000021344-13-000017\primary-document.html
2013-04-26,8-K,0001104659-13-033461,data\raw\sec_filings\sec-edgar-filings\KO\8-K\0001104659-13-033461\primary-document.html
2013-07-16,8-K,0000021344-13-000036,data\raw\sec_filings\sec-edgar-filings\KO\8-K\0000021344-13-000036\primary-document.html
2013-07-19,8-K,0001104659-13-055320,data\raw\sec_filings\sec-edgar-filings\KO\8-K\0001104659-13-055320\primary-document.html
2013-07-25,10-Q,0000021344-13-000039,data\raw\sec_filings\sec-edgar-filings\KO\10-Q\0000021344-13-000039\primary-document.html
2013-10-15,8-K,0000021344-13-000044,data\raw\sec_filings\sec-edgar-filings\KO\8-K\0000021344-13-000044\primary-document.html
2013-10-24,10-Q,0000021344-13-000050,data\raw\sec_filings\sec-edgar-filings\KO\10-Q\0000021344-13-000050\primary-document.html
2013-10-24,8-K,0000021344-13-000052,data\raw\sec_filings\sec-edgar-filings\KO\8-K\0000021344-13-000052\primary-document.html
2013-11-01,8-K,0001104659-13-080068,data\raw\sec_filings\sec-edgar-filings\KO\8-K\0001104659-13-080068\primary-document.html
2013-12-18,8-K,0001104659-13-090952,data\raw\sec_filings\sec-edgar-filings\KO\8-K\0001104659-13-090952\primary-document.html
2014-01-24,8-K,0001104659-14-003975,data\raw\sec_filings\sec-edgar-filings\KO\8-K\0001104659-14-003975\primary-document.html
2014-02-06,8-K,0001341004-14-000091,data\raw\sec_filings\sec-edgar-filings\KO\8-K\0001341004-14-000091\primary-document.html
2014-02-18,8-K,0000021344-14-000005,data\raw\sec_filings\sec-edgar-filings\KO\8-K\0000021344-14-000005\primary-document.html
2014-02-19,8-K,0001104659-14-011382,data\raw\sec_filings\sec-edgar-filings\KO\8-K\0001104659-14-011382\primary-document.html
2014-02-21,8-K,0001104659-14-012209,data\raw\sec_filings\sec-edgar-filings\KO\8-K\0001104659-14-012209\primary-document.html
2014-02-27,10-K,0000021344-14-000008,data\raw\sec_filings\sec-edgar-filings\KO\10-K\0000021344-14-000008\primary-document.html
2014-03-07,8-K,0001104659-14-017583,data\raw\sec_filings\sec-edgar-filings\KO\8-K\0001104659-14-017583\primary-document.html
2014-04-15,8-K,0000021344-14-000012,data\raw\sec_filings\sec-edgar-filings\KO\8-K\0000021344-14-000012\primary-document.html
2014-04-23,8-K,0001308179-14-000200,data\raw\sec_filings\sec-edgar-filings\KO\8-K\0001308179-14-000200\primary-document.html
2014-04-24,10-Q,0000021344-14-000016,data\raw\sec_filings\sec-edgar-filings\KO\10-Q\0000021344-14-000016\primary-document.html
2014-04-25,8-K,0001104659-14-030524,data\raw\sec_filings\sec-edgar-filings\KO\8-K\0001104659-14-030524\primary-document.html
2014-07-22,8-K,0000021344-14-000027,data\raw\sec_filings\sec-edgar-filings\KO\8-K\0000021344-14-000027\primary-document.html
2014-07-30,10-Q,0000021344-14-000029,data\raw\sec_filings\sec-edgar-filings\KO\10-Q\0000021344-14-000029\primary-document.html
2014-08-20,8-K,0001341004-14-000716,data\raw\sec_filings\sec-edgar-filings\KO\8-K\0001341004-14-000716\primary-document.html
2014-09-19,8-K,0001104659-14-067124,data\raw\sec_filings\sec-edgar-filings\KO\8-K\0001104659-14-067124\primary-document.html
2014-09-22,8-K,0001104659-14-067506,data\raw\sec_filings\sec-edgar-filings\KO\8-K\0001104659-14-067506\primary-document.html
2014-10-01,8-K,0001104659-14-069388,data\raw\sec_filings\sec-edgar-filings\KO\8-K\0001104659-14-069388\primary-document.html
2014-10-21,8-K,0000021344-14-000034,data\raw\sec_filings\sec-edgar-filings\KO\8-K\0000021344-14-000034\primary-document.html
2014-10-29,10-Q,0000021344-14-000036,data\raw\sec_filings\sec-edgar-filings\KO\10-Q\0000021344-14-000036\primary-document.html
2014-12-11,8-K,0001104659-14-086151,data\raw\sec_filings\sec-edgar-filings\KO\8-K\0001104659-14-086151\primary-document.html
2015-02-10,8-K,0000021344-15-000002,data\raw\sec_filings\sec-edgar-filings\KO\8-K\0000021344-15-000002\primary-document.html
2015-02-18,8-K,0001552781-15-000256,data\raw\sec_filings\sec-edgar-filings\KO\8-K\0001552781-15-000256\primary-document.html
2015-02-20,8-K,0001552781-15-000264,data\raw\sec_filings\sec-edgar-filings\KO\8-K\0001552781-15-000264\primary-document.html
2015-02-25,10-K,0000021344-15-000005,data\raw\sec_filings\sec-edgar-filings\KO\10-K\0000021344-15-000005\primary-document.html
2015-03-03,8-K,0001104659-15-016299,data\raw\sec_filings\sec-edgar-filings\KO\8-K\0001104659-15-016299\primary-document.html
2015-03-10,8-K,0001104659-15-018590,data\raw\sec_filings\sec-edgar-filings\KO\8-K\0001104659-15-018590\primary-document.html
2015-04-22,8-K,0000021344-15-000008,data\raw\sec_filings\sec-edgar-filings\KO\8-K\0000021344-15-000008\primary-document.html
2015-04-29,8-K,0001552781-15-000528,data\raw\sec_filings\sec-edgar-filings\KO\8-K\0001552781-15-000528\primary-document.html
2015-04-30,10-Q,0000021344-15-000011,data\raw\sec_filings\sec-edgar-filings\KO\10-Q\0000021344-15-000011\primary-document.html
2015-07-22,8-K,0000021344-15-000029,data\raw\sec_filings\sec-edgar-filings\KO\8-K\0000021344-15-000029\primary-document.html
2015-07-29,10-Q,0000021344-15-000031,data\raw\sec_filings\sec-edgar-filings\KO\10-Q\0000021344-15-000031\primary-document.html
2015-08-06,8-K,0000903423-15-000480,data\raw\sec_filings\sec-edgar-filings\KO\8-K\0000903423-15-000480\primary-document.html
2015-08-13,8-K,0001104659-15-059307,data\raw\sec_filings\sec-edgar-filings\KO\8-K\0001104659-15-059307\primary-document.html
2015-09-03,8-K,0000021344-15-000034,data\raw\sec_filings\sec-edgar-filings\KO\8-K\0000021344-15-000034\primary-document.html
2015-09-18,8-K,0000021344-15-000036,data\raw\sec_filings\sec-edgar-filings\KO\8-K\0000021344-15-000036\primary-document.html
2015-10-21,8-K,0000021344-15-000038,data\raw\sec_filings\sec-edgar-filings\KO\8-K\0000021344-15-000038\primary-document.html
2015-10-27,8-K,0001104659-15-073126,data\raw\sec_filings\sec-edgar-filings\KO\8-K\0001104659-15-073126\primary-document.html
2015-10-28,10-Q,0000021344-15-000041,data\raw\sec_filings\sec-edgar-filings\KO\10-Q\0000021344-15-000041\primary-document.html
2016-02-09,8-K,0000021344-16-000046,data\raw\sec_filings\sec-edgar-filings\KO\8-K\0000021344-16-000046\primary-document.html
2016-02-17,8-K,0001552781-16-001315,data\raw\sec_filings\sec-edgar-filings\KO\8-K\0001552781-16-001315\primary-document.html
2016-02-25,10-K,0000021344-16-000050,data\raw\sec_filings\sec-edgar-filings\KO\10-K\0000021344-16-000050\primary-document.html
2016-03-30,8-K,0000021344-16-000053,data\raw\sec_filings\sec-edgar-filings\KO\8-K\0000021344-16-000053\primary-document.html
2016-04-20,8-K,0000021344-16-000056,data\raw\sec_filings\sec-edgar-filings\KO\8-K\0000021344-16-000056\primary-document.html
2016-04-27,8-K,0001552781-16-001593,data\raw\sec_filings\sec-edgar-filings\KO\8-K\0001552781-16-001593\primary-document.html
2016-04-28,10-Q,0000021344-16-000059,data\raw\sec_filings\sec-edgar-filings\KO\10-Q\0000021344-16-000059\primary-document.html
2016-05-31,8-K,0001104659-16-124532,data\raw\sec_filings\sec-edgar-filings\KO\8-K\0001104659-16-124532\primary-document.html
2016-07-27,8-K,0000021344-16-000063,data\raw\sec_filings\sec-edgar-filings\KO\8-K\0000021344-16-000063\primary-document.html
2016-07-28,10-Q,0000021344-16-000065,data\raw\sec_filings\sec-edgar-filings\KO\10-Q\0000021344-16-000065\primary-document.html
2016-09-01,8-K,0001104659-16-142664,data\raw\sec_filings\sec-edgar-filings\KO\8-K\0001104659-16-142664\primary-document.html
2016-09-02,8-K,0001104659-16-142972,data\raw\sec_filings\sec-edgar-filings\KO\8-K\0001104659-16-142972\primary-document.html
2016-09-19,8-K,0000021344-16-000067,data\raw\sec_filings\sec-edgar-filings\KO\8-K\0000021344-16-000067\primary-document.html
2016-09-26,8-K,0001552781-16-001958,data\raw\sec_filings\sec-edgar-filings\KO\8-K\0001552781-16-001958\primary-document.html
2016-10-26,8-K,0000021344-16-000072,data\raw\sec_filings\sec-edgar-filings\KO\8-K\0000021344-16-000072\primary-document.html
2016-10-27,10-Q,0000021344-16-000076,data\raw\sec_filings\sec-edgar-filings\KO\10-Q\0000021344-16-000076\primary-document.html
2016-10-27,8-K,0000021344-16-000077,data\raw\sec_filings\sec-edgar-filings\KO\8-K\0000021344-16-000077\primary-document.html
2016-12-08,8-K,0001552781-16-002135,data\raw\sec_filings\sec-edgar-filings\KO\8-K\0001552781-16-002135\primary-document.html
2016-12-09,8-K,0001123292-16-003050,data\raw\sec_filings\sec-edgar-filings\KO\8-K\0001123292-16-003050\primary-document.html
2017-02-09,8-K,0000021344-17-000003,data\raw\sec_filings\sec-edgar-filings\KO\8-K\0000021344-17-000003\primary-document.html
2017-02-15,8-K,0001552781-17-000075,data\raw\sec_filings\sec-edgar-filings\KO\8-K\0001552781-17-000075\primary-document.html
2017-02-24,10-K,0000021344-17-000009,data\raw\sec_filings\sec-edgar-filings\KO\10-K\0000021344-17-000009\primary-document.html
2017-03-03,8-K,0001104659-17-014087,data\raw\sec_filings\sec-edgar-filings\KO\8-K\0001104659-17-014087\primary-document.html
2017-03-09,8-K,0001104659-17-015540,data\raw\sec_filings\sec-edgar-filings\KO\8-K\0001104659-17-015540\primary-document.html
2017-03-24,8-K,0001552781-17-000158,data\raw\sec_filings\sec-edgar-filings\KO\8-K\0001552781-17-000158\primary-document.html
2017-04-25,8-K,0000021344-17-000014,data\raw\sec_filings\sec-edgar-filings\KO\8-K\0000021344-17-000014\primary-document.html
2017-04-27,10-Q,0000021344-17-000019,data\raw\sec_filings\sec-edgar-filings\KO\10-Q\0000021344-17-000019\primary-document.html
2017-04-28,8-K,0001552781-17-000271,data\raw\sec_filings\sec-edgar-filings\KO\8-K\0001552781-17-000271\primary-document.html
2017-05-25,8-K,0001104659-17-035229,data\raw\sec_filings\sec-edgar-filings\KO\8-K\0001104659-17-035229\primary-document.html
2017-06-23,8-K,0001104659-17-041338,data\raw\sec_filings\sec-edgar-filings\KO\8-K\0001104659-17-041338\primary-document.html
2017-07-06,8-K,0001104659-17-043873,data\raw\sec_filings\sec-edgar-filings\KO\8-K\0001104659-17-043873\primary-document.html
2017-07-26,8-K,0000021344-17-000023,data\raw\sec_filings\sec-edgar-filings\KO\8-K\0000021344-17-000023\primary-document.html
2017-07-27,10-Q,0000021344-17-000026,data\raw\sec_filings\sec-edgar-filings\KO\10-Q\0000021344-17-000026\primary-document.html
2017-10-25,8-K,0000021344-17-000029,data\raw\sec_filings\sec-edgar-filings\KO\8-K\0000021344-17-000029\primary-document.html
2017-10-26,10-Q,0000021344-17-000032,data\raw\sec_filings\sec-edgar-filings\KO\10-Q\0000021344-17-000032\primary-document.html
2017-12-08,8-K,0001552781-17-000649,data\raw\sec_filings\sec-edgar-filings\KO\8-K\0001552781-17-000649\primary-document.html
2018-02-16,8-K,0000021344-18-000004,data\raw\sec_filings\sec-edgar-filings\KO\8-K\0000021344-18-000004\primary-document.html
2018-02-20,8-K,0001552781-18-000101,data\raw\sec_filings\sec-edgar-filings\KO\8-K\0001552781-18-000101\primary-document.html
2018-02-23,10-K,0000021344-18-000008,data\raw\sec_filings\sec-edgar-filings\KO\10-K\0000021344-18-000008\primary-document.html
2018-04-04,8-K,0000021344-18-000012,data\raw\sec_filings\sec-edgar-filings\KO\8-K\0000021344-18-000012\primary-document.html
2018-04-24,8-K,0000021344-18-000018,data\raw\sec_filings\sec-edgar-filings\KO\8-K\0000021344-18-000018\primary-document.html
2018-04-26,8-K,0001552781-18-000176,data\raw\sec_filings\sec-edgar-filings\KO\8-K\0001552781-18-000176\primary-document.html
2018-05-01,10-Q,0000021344-18-000023,data\raw\sec_filings\sec-edgar-filings\KO\10-Q\0000021344-18-000023\primary-document.html
2018-07-25,8-K,0000021344-18-000029,data\raw\sec_filings\sec-edgar-filings\KO\8-K\0000021344-18-000029\primary-document.html
2018-07-26,10-Q,0000021344-18-000032,data\raw\sec_filings\sec-edgar-filings\KO\10-Q\0000021344-18-000032\primary-document.html
2018-08-31,8-K,0001104659-18-054636,data\raw\sec_filings\sec-edgar-filings\KO\8-K\0001104659-18-054636\primary-document.html
2018-10-18,8-K,0001552781-18-000440,data\raw\sec_filings\sec-edgar-filings\KO\8-K\0001552781-18-000440\primary-document.html
2018-10-30,8-K,0000021344-18-000039,data\raw\sec_filings\sec-edgar-filings\KO\8-K\0000021344-18-000039\primary-document.html
2018-10-30,10-Q,0000021344-18-000042,data\raw\sec_filings\sec-edgar-filings\KO\10-Q\0000021344-18-000042\primary-document.html
2018-12-06,8-K,0001552781-18-000517,data\raw\sec_filings\sec-edgar-filings\KO\8-K\0001552781-18-000517\primary-document.html
2019-01-08,8-K,0001104659-19-001190,data\raw\sec_filings\sec-edgar-filings\KO\8-K\0001104659-19-001190\primary-document.html
2019-02-14,8-K,0000021344-19-000010,data\raw\sec_filings\sec-edgar-filings\KO\8-K\0000021344-19-000010\primary-document.html
2019-02-21,8-K,0001552781-19-000063,data\raw\sec_filings\sec-edgar-filings\KO\8-K\0001552781-19-000063\primary-document.html
2019-02-21,10-K,0000021344-19-000014,data\raw\sec_filings\sec-edgar-filings\KO\10-K\0000021344-19-000014\primary-document.html
2019-02-28,8-K,0001104659-19-011570,data\raw\sec_filings\sec-edgar-filings\KO\8-K\0001104659-19-011570\primary-document.html
2019-03-08,8-K,0001104659-19-013658,data\raw\sec_filings\sec-edgar-filings\KO\8-K\0001104659-19-013658\primary-document.html
2019-04-01,8-K,0000021344-19-000019,data\raw\sec_filings\sec-edgar-filings\KO\8-K\0000021344-19-000019\primary-document.html
2019-04-10,8-K,0001552781-19-000156,data\raw\sec_filings\sec-edgar-filings\KO\8-K\0001552781-19-000156\primary-document.html
2019-04-23,8-K,0000021344-19-000022,data\raw\sec_filings\sec-edgar-filings\KO\8-K\0000021344-19-000022\primary-document.html
2019-04-24,8-K,0001552781-19-000204,data\raw\sec_filings\sec-edgar-filings\KO\8-K\0001552781-19-000204\primary-document.html
2019-04-25,10-Q,0000021344-19-000028,data\raw\sec_filings\sec-edgar-filings\KO\10-Q\0000021344-19-000028\primary-document.html
2019-06-28,8-K,0001628280-19-008450,data\raw\sec_filings\sec-edgar-filings\KO\8-K\0001628280-19-008450\primary-document.html
2019-07-23,8-K,0000021344-19-000031,data\raw\sec_filings\sec-edgar-filings\KO\8-K\0000021344-19-000031\primary-document.html
2019-07-25,10-Q,0000021344-19-000034,data\raw\sec_filings\sec-edgar-filings\KO\10-Q\0000021344-19-000034\primary-document.html
2019-09-09,8-K,0001410578-19-001096,data\raw\sec_filings\sec-edgar-filings\KO\8-K\0001410578-19-001096\primary-document.html
2019-09-20,8-K,0000021344-19-000039,data\raw\sec_filings\sec-edgar-filings\KO\8-K\0000021344-19-000039\primary-document.html
2019-10-18,8-K,0001628280-19-012399,data\raw\sec_filings\sec-edgar-filings\KO\8-K\0001628280-19-012399\primary-document.html
2019-10-24,10-Q,0000021344-19-000042,data\raw\sec_filings\sec-edgar-filings\KO\10-Q\0000021344-19-000042\primary-document.html
2020-01-14,8-K,0001552781-20-000076,data\raw\sec_filings\sec-edgar-filings\KO\8-K\0001552781-20-000076\primary-document.html
2020-01-30,8-K,0000021344-20-000002,data\raw\sec_filings\sec-edgar-filings\KO\8-K\0000021344-20-000002\primary-document.html
2020-02-24,10-K,0000021344-20-000006,data\raw\sec_filings\sec-edgar-filings\KO\10-K\0000021344-20-000006\primary-document.html
2020-03-20,8-K,0001104659-20-036458,data\raw\sec_filings\sec-edgar-filings\KO\8-K\0001104659-20-036458\primary-document.html
2020-03-25,8-K,0001104659-20-038321,data\raw\sec_filings\sec-edgar-filings\KO\8-K\0001104659-20-038321\primary-document.html
2020-04-21,8-K,0000021344-20-000011,data\raw\sec_filings\sec-edgar-filings\KO\8-K\0000021344-20-000011\primary-document.html
2020-04-22,8-K,0001552781-20-000277,data\raw\sec_filings\sec-edgar-filings\KO\8-K\0001552781-20-000277\primary-document.html
2020-04-24,10-Q,0000021344-20-000014,data\raw\sec_filings\sec-edgar-filings\KO\10-Q\0000021344-20-000014\primary-document.html
2020-05-04,8-K,0001104659-20-055758,data\raw\sec_filings\sec-edgar-filings\KO\8-K\0001104659-20-055758\primary-document.html
2020-07-21,8-K,0000021344-20-000037,data\raw\sec_filings\sec-edgar-filings\KO\8-K\0000021344-20-000037\primary-document.html
2020-07-22,10-Q,0000021344-20-000041,data\raw\sec_filings\sec-edgar-filings\KO\10-Q\0000021344-20-000041\primary-document.html
2020-08-24,8-K,0001552781-20-000461,data\raw\sec_filings\sec-edgar-filings\KO\8-K\0001552781-20-000461\primary-document.html
2020-08-28,8-K,0001552781-20-000463,data\raw\sec_filings\sec-edgar-filings\KO\8-K\0001552781-20-000463\primary-document.html
2020-09-14,8-K,0001552781-20-000475,data\raw\sec_filings\sec-edgar-filings\KO\8-K\0001552781-20-000475\primary-document.html
2020-09-18,8-K,0001552781-20-000488,data\raw\sec_filings\sec-edgar-filings\KO\8-K\0001552781-20-000488\primary-document.html
2020-09-21,8-K,0001552781-20-000492,data\raw\sec_filings\sec-edgar-filings\KO\8-K\0001552781-20-000492\primary-document.html
2020-10-05,8-K,0001552781-20-000505,data\raw\sec_filings\sec-edgar-filings\KO\8-K\0001552781-20-000505\primary-document.html
2020-10-20,8-K,0001552781-20-000530,data\raw\sec_filings\sec-edgar-filings\KO\8-K\0001552781-20-000530\primary-document.html
2020-10-22,10-Q,0000021344-20-000046,data\raw\sec_filings\sec-edgar-filings\KO\10-Q\0000021344-20-000046\primary-document.html
2020-10-22,8-K,0000021344-20-000044,data\raw\sec_filings\sec-edgar-filings\KO\8-K\0000021344-20-000044\primary-document.html
2020-12-10,8-K,0001552781-20-000603,data\raw\sec_filings\sec-edgar-filings\KO\8-K\0001552781-20-000603\primary-document.html
2021-02-10,8-K,0000021344-21-000003,data\raw\sec_filings\sec-edgar-filings\KO\8-K\0000021344-21-000003\primary-document.html
2021-02-22,8-K,0001552781-21-000039,data\raw\sec_filings\sec-edgar-filings\KO\8-K\0001552781-21-000039\primary-document.html
2021-02-25,10-K,0000021344-21-000008,data\raw\sec_filings\sec-edgar-filings\KO\10-K\0000021344-21-000008\primary-document.html
2021-03-01,8-K,0001552781-21-000052,data\raw\sec_filings\sec-edgar-filings\KO\8-K\0001552781-21-000052\primary-document.html
2021-03-05,8-K,0001552781-21-000076,data\raw\sec_filings\sec-edgar-filings\KO\8-K\0001552781-21-000076\primary-document.html
2021-03-08,8-K,0001552781-21-000082,data\raw\sec_filings\sec-edgar-filings\KO\8-K\0001552781-21-000082\primary-document.html
2021-03-09,8-K,0001552781-21-000083,data\raw\sec_filings\sec-edgar-filings\KO\8-K\0001552781-21-000083\primary-document.html
2021-04-08,8-K,0001552781-21-000188,data\raw\sec_filings\sec-edgar-filings\KO\8-K\0001552781-21-000188\primary-document.html
2021-04-19,8-K,0001552781-21-000224,data\raw\sec_filings\sec-edgar-filings\KO\8-K\0001552781-21-000224\primary-document.html
2021-04-19,8-K,0000021344-21-000011,data\raw\sec_filings\sec-edgar-filings\KO\8-K\0000021344-21-000011\primary-document.html
2021-04-21,8-K,0001552781-21-000235,data\raw\sec_filings\sec-edgar-filings\KO\8-K\0001552781-21-000235\primary-document.html
2021-04-22,8-K,0001552781-21-000242,data\raw\sec_filings\sec-edgar-filings\KO\8-K\0001552781-21-000242\primary-document.html
2021-04-27,10-Q,0000021344-21-000014,data\raw\sec_filings\sec-edgar-filings\KO\10-Q\0000021344-21-000014\primary-document.html
2021-04-28,8-K,0001552781-21-000255,data\raw\sec_filings\sec-edgar-filings\KO\8-K\0001552781-21-000255\primary-document.html
2021-04-30,8-K,0001552781-21-000269,data\raw\sec_filings\sec-edgar-filings\KO\8-K\0001552781-21-000269\primary-document.html
2021-05-05,8-K,0001552781-21-000338,data\raw\sec_filings\sec-edgar-filings\KO\8-K\0001552781-21-000338\primary-document.html
2021-05-06,8-K,0001552781-21-000351,data\raw\sec_filings\sec-edgar-filings\KO\8-K\0001552781-21-000351\primary-document.html
2021-05-12,8-K,0001552781-21-000415,data\raw\sec_filings\sec-edgar-filings\KO\8-K\0001552781-21-000415\primary-document.html
2021-05-17,8-K,0001552781-21-000435,data\raw\sec_filings\sec-edgar-filings\KO\8-K\0001552781-21-000435\primary-document.html
2021-05-20,8-K,0001552781-21-000451,data\raw\sec_filings\sec-edgar-filings\KO\8-K\0001552781-21-000451\primary-document.html
2021-06-04,8-K,0001552781-21-000502,data\raw\sec_filings\sec-edgar-filings\KO\8-K\0001552781-21-000502\primary-document.html
2021-07-21,8-K,0000021344-21-000021,data\raw\sec_filings\sec-edgar-filings\KO\8-K\0000021344-21-000021\primary-document.html
2021-07-26,10-Q,0000021344-21-000024,data\raw\sec_filings\sec-edgar-filings\KO\10-Q\0000021344-21-000024\primary-document.html
2021-08-24,8-K,0001552781-21-000687,data\raw\sec_filings\sec-edgar-filings\KO\8-K\0001552781-21-000687\primary-document.html
2021-10-27,8-K,0000021344-21-000027,data\raw\sec_filings\sec-edgar-filings\KO\8-K\0000021344-21-000027\primary-document.html
2021-10-28,10-Q,0000021344-21-000030,data\raw\sec_filings\sec-edgar-filings\KO\10-Q\0000021344-21-000030\primary-document.html
2021-12-20,8-K,0001552781-21-000856,data\raw\sec_filings\sec-edgar-filings\KO\8-K\0001552781-21-000856\primary-document.html
2022-02-10,8-K,0000021344-22-000004,data\raw\sec_filings\sec-edgar-filings\KO\8-K\0000021344-22-000004\primary-document.html
2022-02-16,8-K,0001552781-22-000167,data\raw\sec_filings\sec-edgar-filings\KO\8-K\0001552781-22-000167\primary-document.html
2022-02-22,10-K,0000021344-22-000009,data\raw\sec_filings\sec-edgar-filings\KO\10-K\0000021344-22-000009\primary-document.html
2022-03-04,8-K,0001552781-22-000236,data\raw\sec_filings\sec-edgar-filings\KO\8-K\0001552781-22-000236\primary-document.html
2022-03-08,8-K,0001552781-22-000242,data\raw\sec_filings\sec-edgar-filings\KO\8-K\0001552781-22-000242\primary-document.html
2022-04-25,8-K,0000021344-22-000013,data\raw\sec_filings\sec-edgar-filings\KO\8-K\0000021344-22-000013\primary-document.html
2022-04-27,8-K,0001552781-22-000366,data\raw\sec_filings\sec-edgar-filings\KO\8-K\0001552781-22-000366\primary-document.html
2022-04-28,10-Q,0000021344-22-000016,data\raw\sec_filings\sec-edgar-filings\KO\10-Q\0000021344-22-000016\primary-document.html
2022-07-21,8-K,0001552781-22-000509,data\raw\sec_filings\sec-edgar-filings\KO\8-K\0001552781-22-000509\primary-document.html
2022-07-26,8-K,0000021344-22-000030,data\raw\sec_filings\sec-edgar-filings\KO\8-K\0000021344-22-000030\primary-document.html
2022-07-27,10-Q,0000021344-22-000034,data\raw\sec_filings\sec-edgar-filings\KO\10-Q\0000021344-22-000034\primary-document.html
2022-08-23,8-K,0001552781-22-000543,data\raw\sec_filings\sec-edgar-filings\KO\8-K\0001552781-22-000543\primary-document.html
2022-10-25,8-K,0000021344-22-000038,data\raw\sec_filings\sec-edgar-filings\KO\8-K\0000021344-22-000038\primary-document.html
2022-10-26,10-Q,0000021344-22-000042,data\raw\sec_filings\sec-edgar-filings\KO\10-Q\0000021344-22-000042\primary-document.html
2022-12-12,8-K,0001552781-22-000649,data\raw\sec_filings\sec-edgar-filings\KO\8-K\0001552781-22-000649\primary-document.html
2023-02-14,8-K,0000021344-23-000005,data\raw\sec_filings\sec-edgar-filings\KO\8-K\0000021344-23-000005\primary-document.html
2023-02-21,10-K,0000021344-23-000011,data\raw\sec_filings\sec-edgar-filings\KO\10-K\0000021344-23-000011\primary-document.html
2023-04-24,8-K,0000021344-23-000017,data\raw\sec_filings\sec-edgar-filings\KO\8-K\0000021344-23-000017\primary-document.html
2023-04-26,8-K,0000021344-23-000026,data\raw\sec_filings\sec-edgar-filings\KO\8-K\0000021344-23-000026\primary-document.html
2023-04-26,10-Q,0000021344-23-000024,data\raw\sec_filings\sec-edgar-filings\KO\10-Q\0000021344-23-000024\primary-document.html
2023-07-19,8-K,0000021344-23-000041,data\raw\sec_filings\sec-edgar-filings\KO\8-K\0000021344-23-000041\primary-document.html
2023-07-26,8-K,0000021344-23-000045,data\raw\sec_filings\sec-edgar-filings\KO\8-K\0000021344-23-000045\primary-document.html
2023-07-27,10-Q,0000021344-23-000048,data\raw\sec_filings\sec-edgar-filings\KO\10-Q\0000021344-23-000048\primary-document.html
2023-10-20,8-K,0000021344-23-000051,data\raw\sec_filings\sec-edgar-filings\KO\8-K\0000021344-23-000051\primary-document.html
2023-10-24,10-Q,0000021344-23-000060,data\raw\sec_filings\sec-edgar-filings\KO\10-Q\0000021344-23-000060\primary-document.html
2023-10-24,8-K,0000021344-23-000057,data\raw\sec_filings\sec-edgar-filings\KO\8-K\0000021344-23-000057\primary-document.html
2024-02-13,8-K,0000021344-24-000004,data\raw\sec_filings\sec-edgar-filings\KO\8-K\0000021344-24-000004\primary-document.html
2024-02-20,10-K,0000021344-24-000009,data\raw\sec_filings\sec-edgar-filings\KO\10-K\0000021344-24-000009\primary-document.html
2024-04-30,8-K,0000021344-24-000013,data\raw\sec_filings\sec-edgar-filings\KO\8-K\0000021344-24-000013\primary-document.html
2024-05-02,8-K,0001552781-24-000261,data\raw\sec_filings\sec-edgar-filings\KO\8-K\0001552781-24-000261\primary-document.html
2024-05-02,10-Q,0000021344-24-000017,data\raw\sec_filings\sec-edgar-filings\KO\10-Q\0000021344-24-000017\primary-document.html
2024-05-08,8-K,0001552781-24-000299,data\raw\sec_filings\sec-edgar-filings\KO\8-K\0001552781-24-000299\primary-document.html
2024-05-13,8-K,0001552781-24-000313,data\raw\sec_filings\sec-edgar-filings\KO\8-K\0001552781-24-000313\primary-document.html
2024-05-14,8-K,0001552781-24-000325,data\raw\sec_filings\sec-edgar-filings\KO\8-K\0001552781-24-000325\primary-document.html
2024-07-23,8-K,0000021344-24-000040,data\raw\sec_filings\sec-edgar-filings\KO\8-K\0000021344-24-000040\primary-document.html
2024-07-23,8-K,0000021344-24-000037,data\raw\sec_filings\sec-edgar-filings\KO\8-K\0000021344-24-000037\primary-document.html
2024-07-29,10-Q,0000021344-24-000044,data\raw\sec_filings\sec-edgar-filings\KO\10-Q\0000021344-24-000044\primary-document.html
2024-08-09,8-K,0001552781-24-000465,data\raw\sec_filings\sec-edgar-filings\KO\8-K\0001552781-24-000465\primary-document.html
2024-08-14,8-K,0001552781-24-000487,data\raw\sec_filings\sec-edgar-filings\KO\8-K\0001552781-24-000487\primary-document.html
2024-08-15,8-K,0001552781-24-000497,data\raw\sec_filings\sec-edgar-filings\KO\8-K\0001552781-24-000497\primary-document.html
2024-08-21,8-K,0000021344-24-000047,data\raw\sec_filings\sec-edgar-filings\KO\8-K\0000021344-24-000047\primary-document.html
2024-10-17,8-K,0000021344-24-000051,data\raw\sec_filings\sec-edgar-filings\KO\8-K\0000021344-24-000051\primary-document.html
2024-10-23,8-K,0000021344-24-000056,data\raw\sec_filings\sec-edgar-filings\KO\8-K\0000021344-24-000056\primary-document.html
2024-10-24,10-Q,0000021344-24-000060,data\raw\sec_filings\sec-edgar-filings\KO\10-Q\0000021344-24-000060\primary-document.html
2024-12-11,8-K,0001552781-24-000626,data\raw\sec_filings\sec-edgar-filings\KO\8-K\0001552781-24-000626\primary-document.html
2024-12-16,8-K,0001552781-24-000634,data\raw\sec_filings\sec-edgar-filings\KO\8-K\0001552781-24-000634\primary-document.html
2025-02-11,8-K,0000021344-25-000005,data\raw\sec_filings\sec-edgar-filings\KO\8-K\0000021344-25-000005\primary-document.html
2025-02-20,10-K,0000021344-25-000011,data\raw\sec_filings\sec-edgar-filings\KO\10-K\0000021344-25-000011\primary-document.html
2025-03-27,8-K,0000021344-25-000019,data\raw\sec_filings\sec-edgar-filings\KO\8-K\0000021344-25-000019\primary-document.html
2025-04-29,8-K,0000021344-25-000024,data\raw\sec_filings\sec-edgar-filings\KO\8-K\0000021344-25-000024\primary-document.html
2025-05-01,10-Q,0000021344-25-000029,data\raw\sec_filings\sec-edgar-filings\KO\10-Q\0000021344-25-000029\primary-document.html
2025-05-02,8-K,0000021344-25-000033,data\raw\sec_filings\sec-edgar-filings\KO\8-K\0000021344-25-000033\primary-document.html
2025-06-26,8-K,0000021344-25-000047,data\raw\sec_filings\sec-edgar-filings\KO\8-K\0000021344-25-000047\primary-document.html
2025-07-22,8-K,0000021344-25-000054,data\raw\sec_filings\sec-edgar-filings\KO\8-K\0000021344-25-000054\primary-document.html
2025-07-24,10-Q,0000021344-25-000061,data\raw\sec_filings\sec-edgar-filings\KO\10-Q\0000021344-25-000061\primary-document.html
2025-10-16,8-K,0001628280-25-045223,data\raw\sec_filings\sec-edgar-filings\KO\8-K\0001628280-25-045223\primary-document.html
2025-10-21,8-K,0001628280-25-045577,data\raw\sec_filings\sec-edgar-filings\KO\8-K\0001628280-25-045577\primary-document.html
2025-10-23,10-Q,0001628280-25-046054,data\raw\sec_filings\sec-edgar-filings\KO\10-Q\0001628280-25-046054\primary-document.html
2025-12-10,8-K,0001552781-25-000454,data\raw\sec_filings\sec-edgar-filings\KO\8-K\0001552781-25-000454\primary-document.html
2026-01-14,8-K,0001552781-26-000017,data\raw\sec_filings\sec-edgar-filings\KO\8-K\0001552781-26-000017\primary-document.html
2026-02-10,8-K,0001628280-26-006642,data\raw\sec_filings\sec-edgar-filings\KO\8-K\0001628280-26-006642\primary-document.html
